,white,black,hispanic,api,aian,2prace
over,2480.4399999999996,273.32000000000005,258.74,132.42,3.7800000000000002,1.0
under,6024.0,601.0,526.0,323.0,7.0,0.0
